"","BUILDINGID_pred","FLOOR_pred","RELATIVEPOSITION_pred","LONGITUDE_pred","LATITUDE_pred"
"1","1","2","2",-7490.13722160828,4864892.57587996
"2","2","3","2",-7377.38099661915,4864832.33298077
"3","2","3","2",-7378.4417870152,4864849.79319554
"4","2","4","2",-7371.23429175352,4864845.85450972
"5","0","1","2",-7640.62665575091,4864929.08332597
"6","2","2","2",-7334.43655311181,4864820.90066426
"7","2","3","2",-7374.21413287364,4864839.87492103
"8","2","3","2",-7358.27051183698,4864775.4059561
"9","2","1","2",-7358.66322881195,4864774.72696719
"10","2","0","2",-7340.65080851242,4864828.16992364
"11","2","1","2",-7355.08929748623,4864773.52460085
"12","2","0","2",-7364.63065573495,4864840.90994516
"13","2","0","2",-7365.66290740659,4864843.53434652
"14","2","3","2",-7358.17992604805,4864767.63866472
"15","2","0","2",-7379.28727184225,4864838.8746837
"16","2","1","2",-7351.88994736264,4864837.11466788
"17","1","3","2",-7553.66591000745,4864918.19581209
"18","2","4","2",-7396.30406473557,4864788.74781147
"19","2","0","2",-7372.0375812115,4864820.29873373
"20","2","1","2",-7356.2397842619,4864837.76871961
"21","1","1","2",-7566.13421351909,4864913.57929356
"22","2","0","2",-7639.33285635909,4865000.5842374
"23","2","3","2",-7392.8906880766,4864788.57525124
"24","2","4","2",-7392.2414350888,4864792.49448725
"25","1","3","2",-7561.01615712175,4864879.05517156
"26","1","0","2",-7562.80477060043,4864873.55785722
"27","2","1","1",-7368.89546343591,4864844.45674199
"28","2","1","2",-7384.16741234785,4864842.67043144
"29","0","2","2",-7670.34458064604,4864923.43096867
"30","0","2","2",-7651.92679110041,4864933.66396096
"31","0","1","2",-7640.00698036378,4865002.95112773
"32","1","3","2",-7535.26455817176,4864917.72029975
"33","1","3","2",-7528.90402373516,4864938.92175191
"34","1","2","2",-7531.73954007714,4864936.52394627
"35","1","3","2",-7528.54776785768,4864938.89634848
"36","1","2","2",-7423.40226125043,4864878.59357298
"37","1","2","2",-7461.33477097463,4864835.20523137
"38","1","3","2",-7469.40035760798,4864822.6122798
"39","1","3","2",-7469.13949598182,4864822.98843581
"40","1","2","2",-7471.24715204057,4864833.25886973
"41","1","3","2",-7424.38294043122,4864880.58204982
"42","1","3","2",-7426.70684408094,4864882.72269917
"43","1","3","2",-7526.40227803478,4864935.57197211
"44","1","3","2",-7534.42393781684,4864923.82081874
"45","1","3","2",-7525.89791077043,4864916.76906162
"46","1","3","2",-7532.16614012839,4864929.25366899
"47","1","1","2",-7555.80089367558,4864883.23952474
"48","2","3","2",-7371.15377931716,4864845.37873651
"49","2","3","2",-7344.37005342022,4864824.84293635
"50","2","3","2",-7322.73794097684,4864814.99750908
"51","0","0","2",-7679.58481433637,4864930.2965048
"52","0","1","2",-7638.32515669144,4864943.92172772
"53","0","0","2",-7649.24634432551,4864916.16145195
"54","0","0","2",-7633.67840780324,4864965.90689919
"55","0","0","2",-7624.90340104572,4864984.29635653
"56","0","0","2",-7604.69692529563,4864989.40658294
"57","0","0","2",-7615.66998932658,4864990.42442812
"58","0","0","2",-7614.21642669704,4864983.54806074
"59","0","0","2",-7633.76218065318,4864983.82561319
"60","0","2","2",-7607.86324209074,4864987.10463822
"61","0","2","2",-7626.89994631132,4864986.35765172
"62","0","1","2",-7668.56072208934,4864932.77565943
"63","0","0","2",-7674.06493583483,4864951.2175938
"64","0","0","2",-7675.46082348965,4864928.5055981
"65","0","0","2",-7673.17272222926,4864949.21590805
"66","0","0","2",-7680.71949296622,4864932.04335481
"67","0","0","2",-7681.42316267271,4864932.23497949
"68","0","1","2",-7622.34152138332,4864969.17967847
"69","0","0","2",-7650.37419709826,4864951.10866911
"70","0","0","2",-7657.72819584785,4864932.04556027
"71","0","0","2",-7653.16076855535,4864928.48967912
"72","0","0","2",-7660.52725117703,4864931.65572866
"73","0","0","2",-7644.98453934687,4864927.84359127
"74","0","0","2",-7645.97903269288,4864926.91149127
"75","0","0","2",-7643.93722478004,4864926.7326607
"76","0","1","2",-7648.64575535902,4864925.48052307
"77","0","0","2",-7641.35871102489,4864917.8630405
"78","0","0","2",-7641.35871102489,4864917.8630405
"79","0","0","2",-7642.63855656992,4864914.61791598
"80","0","0","2",-7646.9531762212,4864930.12336716
"81","0","0","2",-7627.02090800649,4864983.74099504
"82","0","0","2",-7627.10973516981,4864984.91214722
"83","0","0","2",-7621.40789339218,4864981.8694403
"84","0","0","2",-7630.23899997968,4864982.86563677
"85","0","0","2",-7629.16430388999,4864983.65603909
"86","1","0","2",-7479.63217832781,4864870.02550253
"87","0","2","2",-7624.76632941278,4864991.79071798
"88","0","1","2",-7616.62607022171,4864982.92099507
"89","0","2","2",-7620.98800778087,4864981.86008879
"90","0","1","2",-7620.70996795377,4864984.47776785
"91","0","1","2",-7616.37031851684,4864983.82749214
"92","0","1","2",-7615.47510716059,4864991.68855751
"93","0","1","2",-7594.16127878338,4864985.69089848
"94","0","1","2",-7636.46572376093,4864995.22556127
"95","0","3","2",-7597.15048203173,4864985.95434622
"96","0","1","2",-7618.90300903784,4864990.97322876
"97","0","1","2",-7619.99464606211,4864987.82316749
"98","1","1","2",-7531.64064372527,4864932.31255861
"99","0","1","2",-7630.6441080321,4864989.73474728
"100","0","1","2",-7660.83564812299,4864929.15846165
"101","0","1","2",-7663.58466506965,4864931.33894553
"102","0","1","2",-7656.47026231294,4864930.11276483
"103","0","1","2",-7635.67355047135,4864969.46943963
"104","0","0","2",-7640.00704457602,4864914.19352375
"105","0","0","2",-7623.78463775156,4864990.65505198
"106","0","0","2",-7631.6074190934,4864984.7180299
"107","0","0","2",-7632.5574552186,4864992.54530198
"108","0","0","2",-7632.74313681536,4864991.79240747
"109","0","0","2",-7633.311659783,4864994.05482967
"110","0","0","2",-7638.45672771852,4865002.61505118
"111","0","0","2",-7635.84690559776,4864989.68324361
"112","0","0","2",-7640.47477142868,4865006.11724476
"113","0","0","2",-7636.64463964801,4865003.78889499
"114","0","1","2",-7639.69262951028,4864970.64143625
"115","0","1","2",-7642.11695883098,4864947.0657139
"116","0","0","2",-7653.51059262617,4864934.97241011
"117","0","1","2",-7613.82311643269,4864982.29405519
"118","0","1","2",-7608.25888589351,4864982.52618484
"119","0","1","2",-7600.08985432002,4864982.74018923
"120","0","1","2",-7606.04873672011,4864983.79942055
"121","0","1","2",-7608.37584768983,4864987.04496675
"122","0","1","2",-7598.53236462306,4864984.2929465
"123","0","1","2",-7597.8929150119,4864985.73021281
"124","0","1","2",-7596.80525682653,4864991.99056603
"125","0","1","2",-7612.35265303668,4864992.66932714
"126","0","1","2",-7608.7909456401,4864985.00442534
"127","0","1","2",-7611.47336625309,4864986.69973037
"128","0","1","2",-7614.14387368324,4864991.99794569
"129","2","1","2",-7627.3160221634,4864988.91447257
"130","0","1","2",-7641.28480460258,4864997.42135992
"131","0","0","2",-7620.505125537,4864997.02397716
"132","0","1","2",-7619.10132902569,4864994.74309056
"133","1","1","2",-7531.67717230011,4864933.26712223
"134","1","1","2",-7522.97250056501,4864940.25906384
"135","1","1","1",-7519.57176051843,4864931.48111816
"136","0","1","2",-7631.63407910181,4864989.09919347
"137","0","1","2",-7633.37840641265,4864989.13704269
"138","0","1","2",-7631.33182740455,4864998.73491308
"139","0","1","2",-7640.52876069308,4865006.77268352
"140","0","1","2",-7628.42914480153,4864998.83488661
"141","0","1","2",-7639.39366374086,4865001.89322713
"142","0","1","2",-7628.58165869468,4865001.55169963
"143","0","1","2",-7654.19883814504,4865004.79800831
"144","0","1","2",-7640.50319764298,4865004.18063972
"145","0","1","2",-7633.76746634575,4864991.82948984
"146","0","1","2",-7632.98879304972,4864991.61630192
"147","0","1","2",-7626.49919068981,4864986.38624524
"148","0","1","2",-7632.62921818953,4864967.01882939
"149","0","0","2",-7640.60377082811,4864944.9608344
"150","0","0","2",-7636.95307972279,4864967.67311371
"151","0","0","2",-7629.21255367383,4864982.25940782
"152","0","0","2",-7635.01890869843,4864989.72891166
"153","0","0","2",-7629.94528456297,4864982.33809459
"154","0","0","2",-7634.29869714388,4864995.6379345
"155","0","2","2",-7600.47847228844,4864986.72342952
"156","0","2","2",-7601.49421690824,4864985.12492025
"157","0","2","2",-7601.38887336247,4864986.69838547
"158","0","2","2",-7602.83212619712,4864985.77057057
"159","0","2","2",-7622.33043141085,4864990.57959743
"160","0","2","2",-7624.04906738161,4864982.87324386
"161","0","3","2",-7621.86774181458,4864980.7574997
"162","1","3","2",-7496.27996336362,4864871.18563235
"163","1","1","2",-7483.68253101441,4864870.74108622
"164","0","2","2",-7629.42940651337,4864968.44203278
"165","0","2","2",-7647.08979374685,4864949.07286895
"166","0","2","2",-7644.22400098623,4864928.97597143
"167","0","1","2",-7645.34692877154,4864929.02536355
"168","0","2","2",-7653.67183070062,4864929.37845746
"169","0","1","2",-7647.68750961209,4864932.56486567
"170","0","1","2",-7621.58659200715,4864982.90943253
"171","0","1","2",-7632.90538327193,4864991.42539362
"172","0","1","2",-7631.80462382852,4864990.37737166
"173","0","1","2",-7621.96233122371,4864980.64465306
"174","0","1","2",-7625.57695868489,4864991.6685904
"175","0","1","2",-7625.5353874047,4864999.23293366
"176","0","1","2",-7634.46973813557,4865001.99891021
"177","0","1","2",-7639.43760786626,4865003.66783497
"178","0","1","2",-7640.38980581387,4865006.63095228
"179","0","1","2",-7630.80279519729,4864999.38759093
"180","0","2","2",-7647.70926070706,4864922.1372722
"181","0","1","2",-7638.09938103855,4865002.81044226
"182","0","1","2",-7639.86526843715,4864924.22635341
"183","0","1","2",-7640.36508141013,4865007.87813071
"184","2","1","2",-7639.69340505293,4864995.85897325
"185","0","1","2",-7624.98006651215,4864997.39973979
"186","0","1","2",-7644.31207530104,4864933.16724401
"187","0","1","2",-7628.73805172668,4865001.80621684
"188","0","1","2",-7638.32500840774,4865005.51191725
"189","0","3","2",-7647.86877272791,4864946.67741592
"190","0","3","2",-7635.72181084667,4864962.98302711
"191","0","0","2",-7634.59773317277,4864971.3857402
"192","0","3","2",-7635.96005669844,4864966.39213952
"193","0","1","2",-7636.52289556078,4864979.85797416
"194","0","1","2",-7625.45433238796,4864990.85184652
"195","0","1","2",-7633.50746451597,4864990.34987254
"196","0","3","2",-7666.06437953213,4864933.82789198
"197","0","3","2",-7664.77608529615,4864932.72228787
"198","0","3","2",-7682.20744612913,4864930.22399923
"199","0","3","2",-7674.2757412684,4864930.12702951
"200","0","3","2",-7678.28546873568,4864929.31671614
"201","0","3","2",-7667.0247045803,4864929.13799511
"202","0","3","2",-7665.45049943495,4864930.44966902
"203","0","3","2",-7660.24150771742,4864928.26363972
"204","0","3","2",-7651.7836227208,4864930.9130574
"205","0","2","2",-7632.54159104536,4864990.13374856
"206","0","3","2",-7642.68343069474,4864908.1237255
"207","0","3","2",-7646.12187106641,4864901.16958274
"208","0","3","2",-7637.71231366367,4864903.09685906
"209","0","3","2",-7637.47312510891,4864905.13681403
"210","0","2","2",-7643.88223421877,4864950.03919622
"211","0","3","2",-7629.90217460081,4864993.00582961
"212","0","3","2",-7653.09493866279,4864987.00557851
"213","0","3","2",-7629.75858137679,4864983.76841873
"214","0","2","2",-7633.52734813279,4864982.95163561
"215","0","3","2",-7639.60096940281,4864998.11420977
"216","0","3","2",-7627.20927969753,4864999.02106375
"217","0","3","2",-7640.62040646604,4865002.83891567
"218","0","1","2",-7624.19674075749,4864981.73806435
"219","0","1","2",-7615.7470592644,4864983.88079967
"220","0","3","2",-7638.47714798146,4865004.56679114
"221","0","1","2",-7616.461136321,4864983.86642603
"222","0","1","2",-7618.51496468958,4864984.79500534
"223","0","1","2",-7618.36151781098,4864984.73038982
"224","0","1","2",-7600.30183848348,4864984.34473735
"225","0","3","2",-7615.72484301192,4864982.81452456
"226","0","1","2",-7604.96534011874,4864984.17967701
"227","2","1","2",-7621.08059559922,4864988.85056943
"228","2","2","2",-7628.4589232859,4864988.85969488
"229","0","3","2",-7611.12315610246,4864981.35847188
"230","0","3","2",-7602.05867900667,4864981.74415918
"231","0","3","2",-7598.60517637604,4864985.07493478
"232","0","3","2",-7595.63382154575,4864985.47907978
"233","0","3","2",-7628.11473512832,4864986.12459145
"234","1","2","2",-7496.03155527801,4864864.98448707
"235","1","2","2",-7507.10485912433,4864863.68020636
"236","1","2","2",-7507.23436653684,4864864.99803261
"237","1","2","2",-7493.44023765993,4864864.99726804
"238","1","2","2",-7502.44861404911,4864866.30129429
"239","1","2","2",-7506.34382557658,4864870.78039814
"240","1","1","2",-7507.98730792014,4864870.05810818
"241","1","2","2",-7507.06505067735,4864873.66576009
"242","1","2","2",-7511.64909265358,4864852.26410724
"243","1","2","2",-7504.73166078553,4864884.32764642
"244","1","2","2",-7501.36416792464,4864886.00133566
"245","1","2","2",-7509.73913960822,4864885.2554268
"246","0","1","2",-7649.43100135122,4864931.71353634
"247","0","0","2",-7649.15852598291,4864922.84177776
"248","0","1","2",-7648.22998408458,4864944.44280683
"249","0","1","2",-7624.00746457703,4864948.5352718
"250","0","1","2",-7628.67021702125,4864983.91733121
"251","0","1","2",-7627.33337713705,4864985.71738911
"252","0","1","2",-7625.60560885138,4864989.67300954
"253","0","1","2",-7644.52225530849,4864913.5301485
"254","0","2","2",-7659.67509315892,4864907.54754666
"255","0","2","2",-7640.54094218738,4864975.15892338
"256","0","2","2",-7662.02054184971,4864925.15697988
"257","0","2","2",-7647.70255813658,4864931.73424703
"258","0","2","2",-7648.74360833833,4864932.14611347
"259","0","1","2",-7656.44259156034,4864932.42386408
"260","0","2","2",-7658.94804641996,4864932.93229738
"261","0","2","2",-7652.1259888289,4864930.19720805
"262","0","2","2",-7666.01897649342,4864933.19892128
"263","0","2","2",-7666.35070450968,4864931.57936869
"264","0","2","2",-7680.74431762264,4864931.69313404
"265","0","2","2",-7676.55430174921,4864930.53449323
"266","0","2","2",-7673.56084734921,4864912.42234601
"267","0","2","2",-7676.39364907286,4864926.63871746
"268","0","2","2",-7681.95377837964,4864930.07350959
"269","0","2","2",-7666.56849373276,4864941.40438205
"270","0","2","2",-7649.51078510652,4864946.22335106
"271","0","3","2",-7632.28440101393,4864968.59949413
"272","0","1","2",-7629.44181401338,4864970.76920653
"273","0","2","2",-7627.51543660782,4864988.98605689
"274","0","1","2",-7627.75541405093,4864987.68270104
"275","0","2","2",-7624.44585875771,4864984.64441316
"276","0","3","2",-7614.39335965751,4864981.26311979
"277","0","2","2",-7632.40013302471,4865002.35443226
"278","0","1","2",-7622.66794027311,4864994.14310552
"279","0","2","2",-7625.50396992161,4864995.12514748
"280","0","2","2",-7626.3064341988,4864992.98064451
"281","0","2","2",-7628.27445460444,4864994.55664327
"282","0","2","2",-7635.56710108176,4865002.17551212
"283","0","2","2",-7636.22374909985,4865003.45783774
"284","0","1","2",-7626.35040103016,4864984.94037607
"285","0","3","2",-7613.22658161285,4864969.04130678
"286","0","2","2",-7630.3166574153,4864966.74871752
"287","0","2","2",-7631.2751652402,4864955.57559824
"288","0","3","2",-7618.68290409583,4864966.88090754
"289","0","3","2",-7622.48650612747,4864967.98694107
"290","0","1","2",-7631.65027872032,4864990.20650629
"291","0","1","2",-7619.12744308687,4864981.25287532
"292","0","2","2",-7636.98991222129,4864945.05324186
"293","0","1","2",-7646.27166548265,4864941.64334332
"294","0","0","2",-7648.26925604942,4864944.77243585
"295","0","1","2",-7598.86876846959,4864985.50264972
"296","1","1","2",-7526.46107472091,4864940.12793032
"297","1","1","2",-7530.37920277446,4864945.06569183
"298","1","1","2",-7522.49858589626,4864942.21220544
"299","1","1","2",-7531.35500801517,4864936.77991641
"300","1","1","2",-7520.11645969304,4864948.66369948
"301","1","1","2",-7520.52584449105,4864946.99357599
"302","1","1","2",-7516.56574089456,4864945.24819623
"303","1","1","2",-7519.64669440152,4864935.62548524
"304","1","1","2",-7530.57184174212,4864936.67122216
"305","1","1","1",-7537.70359939325,4864923.78177477
"306","1","1","2",-7525.67485103851,4864926.31028173
"307","1","1","2",-7536.81660459996,4864908.10199443
"308","1","1","2",-7428.95377974736,4864875.50175898
"309","1","2","2",-7425.15137650064,4864888.16042545
"310","1","1","2",-7421.68328339128,4864891.37916972
"311","1","1","2",-7421.2180622962,4864892.4091636
"312","0","3","2",-7607.72293162708,4864984.3201217
"313","0","1","2",-7608.99905776547,4864982.96764168
"314","0","1","2",-7601.0891710322,4864983.90917571
"315","0","1","2",-7615.26490898737,4864984.00550089
"316","0","1","2",-7624.76863953975,4864991.487526
"317","0","1","2",-7627.11371887614,4864988.31592249
"318","0","1","2",-7618.95661500011,4864984.40397309
"319","0","1","2",-7612.34314289115,4864984.20158288
"320","0","1","2",-7615.10237126622,4864984.18559481
"321","0","0","2",-7633.61304925732,4864992.12991353
"322","0","1","2",-7620.96289413461,4864990.31760257
"323","0","1","2",-7631.91193114293,4864985.75659644
"324","0","0","2",-7635.52462035332,4864994.72427007
"325","0","1","2",-7628.89567326429,4864984.41529586
"326","0","1","2",-7626.95536878882,4864991.82430119
"327","0","1","2",-7630.19561142644,4864974.05656154
"328","0","1","2",-7629.34175174277,4864989.66287786
"329","0","1","2",-7628.24604611788,4864987.89043458
"330","0","1","2",-7624.66725531701,4864988.74841991
"331","0","1","2",-7637.16238496378,4864999.83008238
"332","0","1","2",-7633.86637753103,4864992.78359286
"333","2","1","2",-7319.48334555392,4864804.99825667
"334","2","1","2",-7324.3439903955,4864795.21412285
"335","2","1","2",-7325.72306901592,4864805.61015592
"336","2","1","2",-7323.01812634014,4864819.30106452
"337","2","1","2",-7341.8880212878,4864816.7151311
"338","2","1","2",-7343.2065297331,4864818.97039064
"339","2","1","2",-7368.14838382081,4864845.77400911
"340","2","1","2",-7366.09953813836,4864847.07839236
"341","2","1","2",-7378.28754812707,4864845.40776925
"342","2","0","2",-7377.25556052938,4864837.27632154
"343","1","0","2",-7433.76900562681,4864864.75306531
"344","1","0","2",-7420.8193789783,4864886.80312972
"345","1","0","2",-7480.97088163508,4864868.9491788
"346","1","0","2",-7527.59487550974,4864940.33578905
"347","0","1","2",-7632.71506140346,4865004.34979908
"348","0","1","2",-7637.3112276027,4864999.29969344
"349","0","1","2",-7636.87487398311,4865003.04058979
"350","0","1","2",-7640.24992343518,4865005.70906518
"351","0","1","2",-7595.49107467263,4864986.03620574
"352","0","1","2",-7607.85128894685,4864983.24736845
"353","0","1","2",-7618.21008031379,4864988.00443049
"354","0","1","2",-7609.64329113011,4864985.81842158
"355","0","1","2",-7624.92930425632,4864984.49708184
"356","0","1","2",-7645.72291296971,4864945.96210596
"357","0","1","2",-7680.59404283881,4864931.29398629
"358","0","1","2",-7676.90627968893,4864929.09633813
"359","1","1","2",-7553.81983724552,4864883.63876119
"360","1","1","2",-7557.10574799217,4864888.90638776
"361","1","1","2",-7557.31078490597,4864887.18963135
"362","1","1","2",-7557.06305745297,4864890.12421004
"363","1","0","2",-7561.08187266391,4864886.49456089
"364","1","0","2",-7557.5048913123,4864889.57550155
"365","1","1","2",-7559.71081404945,4864889.4525291
"366","1","1","2",-7557.58821466827,4864889.9515971
"367","0","1","2",-7640.56652696973,4864928.40834409
"368","0","2","2",-7654.17671122085,4864933.48521256
"369","0","2","2",-7650.75342972206,4864934.17527396
"370","0","2","2",-7649.89173799427,4864933.8843364
"371","0","2","2",-7652.09214721165,4864933.0023044
"372","0","3","2",-7640.68097501254,4864930.57514226
"373","0","2","2",-7641.29840911776,4864930.32736779
"374","1","0","2",-7544.58630885822,4864922.97966507
"375","0","2","2",-7642.2089030303,4864925.44575242
"376","0","2","2",-7647.52007199251,4864925.18678259
"377","0","2","2",-7644.30318026336,4864926.8438513
"378","0","2","2",-7641.78933714135,4864932.39207903
"379","0","2","2",-7642.33614695202,4864921.56982061
"380","0","3","2",-7635.87763694286,4864962.44502379
"381","0","1","2",-7627.92714943661,4864974.6771512
"382","0","1","2",-7621.88431947039,4864972.26491257
"383","0","1","2",-7632.76734752284,4864971.62781161
"384","0","1","2",-7628.59316684465,4864971.39743907
"385","0","1","2",-7632.09130678721,4864964.98107977
"386","0","0","2",-7616.12924287353,4864984.16673861
"387","0","1","2",-7631.66874886333,4864972.87510355
"388","0","1","2",-7655.17398271163,4864966.52859302
"389","0","2","2",-7632.02066072215,4864954.15540395
"390","0","1","2",-7633.00986503406,4864990.86004247
"391","0","1","2",-7655.36419315041,4864957.48940292
"392","0","1","2",-7613.86894936884,4864983.74961621
"393","0","2","2",-7626.42970551156,4864989.72807291
"394","0","1","2",-7655.53402744361,4864931.3897798
"395","0","1","2",-7617.32533078027,4864990.42826601
"396","0","1","2",-7630.98561060227,4864992.13826922
"397","0","0","2",-7658.97872017984,4864930.28951978
"398","0","1","2",-7606.31803717025,4864984.41644305
"399","0","3","2",-7618.61073727538,4864980.06715096
"400","0","1","2",-7605.41092562201,4864986.36161381
"401","0","2","2",-7625.98679540852,4864972.30095061
"402","0","2","2",-7602.80951761082,4864985.9211533
"403","0","3","2",-7632.27995015548,4864991.85701029
"404","0","1","2",-7661.18065075854,4864927.06208439
"405","0","2","2",-7645.11939867702,4864939.34297513
"406","1","0","2",-7558.61269325011,4864877.9129774
"407","0","1","2",-7618.22688880656,4864990.66681374
"408","0","1","2",-7672.61738234278,4864927.69286865
"409","0","3","2",-7631.09942779873,4864994.63710193
"410","0","2","2",-7629.47141570016,4864992.78163296
"411","2","2","2",-7638.51508907465,4864996.65995727
"412","1","1","2",-7561.47835267325,4864871.58265393
"413","0","1","2",-7671.21355936068,4864925.60258256
"414","0","1","2",-7615.47409456082,4864991.6100577
"415","0","3","2",-7626.74475333339,4864999.35303566
"416","0","1","2",-7620.59146705302,4864973.44949901
"417","0","1","2",-7667.68235675063,4864925.59263657
"418","0","2","2",-7605.30843586552,4864988.21349731
"419","0","1","2",-7647.91963434986,4864925.28725473
"420","0","3","2",-7626.17733546535,4865000.40744484
"421","0","2","2",-7596.14974016268,4864985.75665483
"422","0","2","2",-7602.24889820414,4864987.41398823
"423","0","2","2",-7684.87958088906,4864949.11194502
"424","0","2","2",-7635.94348107287,4865005.80540861
"425","0","2","2",-7619.18739317869,4864983.86274513
"426","0","2","2",-7680.88932074919,4864949.140241
"427","1","2","2",-7503.13953360304,4864865.52539984
"428","0","2","2",-7633.47342095954,4865000.31198727
"429","0","3","2",-7618.6510375968,4864983.63373952
"430","0","2","2",-7600.73272485121,4864985.83628384
"431","0","1","2",-7643.51650839785,4864912.00470555
"432","0","2","2",-7673.24920619942,4864921.62293701
"433","0","2","2",-7621.81721623136,4864981.84378415
"434","0","3","2",-7670.51534590238,4864929.93348848
"435","0","2","2",-7644.68479216866,4864913.42928476
"436","0","2","2",-7600.93322242668,4864985.77676539
"437","1","1","2",-7515.79566945146,4864920.75251584
"438","0","2","2",-7664.584218631,4864934.52909602
"439","0","2","2",-7624.06468739822,4864980.67253088
"440","1","0","2",-7558.1989099735,4864889.67586903
"441","1","1","2",-7526.31850348728,4864937.60690388
"442","0","3","2",-7605.2600708934,4864979.96499045
"443","0","2","2",-7651.00131148333,4864935.04100986
"444","0","1","2",-7657.53563977359,4864922.49095574
"445","0","2","2",-7651.08976682228,4864923.33636959
"446","0","2","2",-7627.13452755188,4864984.9580649
"447","1","1","2",-7561.58542982365,4864886.29649762
"448","0","2","2",-7614.77782389074,4864980.2549023
"449","0","2","2",-7604.82995872006,4864983.0630441
"450","0","3","2",-7600.81573725987,4864979.61057782
"451","0","2","2",-7650.73392353807,4864935.94552512
"452","1","1","2",-7562.60009585715,4864887.43101193
"453","0","2","2",-7627.39655354787,4864994.31079789
"454","1","2","2",-7527.07592269625,4864940.34420002
"455","0","3","2",-7598.35428370944,4864985.01198405
"456","0","2","2",-7650.74613738142,4864935.22659546
"457","0","2","2",-7621.83007905651,4864989.7969487
"458","1","1","2",-7539.69044156996,4864940.0651751
"459","1","2","2",-7426.47785816193,4864863.58689591
"460","1","0","2",-7558.27289087311,4864887.29564343
"461","0","2","2",-7643.13181741981,4864943.43633091
"462","0","2","2",-7662.91872417505,4864935.98452926
"463","0","2","2",-7628.05956340739,4864997.70123347
"464","0","3","2",-7673.82268626922,4864931.53733401
"465","0","2","2",-7647.56071533857,4864934.75272407
"466","0","1","2",-7647.97495389943,4864941.5590934
"467","0","1","2",-7660.44780028301,4864922.87246287
"468","0","1","2",-7612.08281108312,4864975.52285889
"469","0","2","2",-7626.10301607349,4865000.21710607
"470","0","2","2",-7600.18252610101,4864984.5337745
"471","0","1","2",-7646.6548643981,4864920.04175038
"472","0","1","2",-7652.2753671852,4864935.10645124
"473","0","3","2",-7600.67911923335,4864980.9902391
"474","0","1","2",-7645.41737823715,4864913.3435071
"475","0","2","2",-7625.75969373822,4864985.86689506
"476","0","1","2",-7609.09467316158,4864991.14290086
"477","0","1","2",-7658.56625012046,4864935.96719074
"478","0","3","2",-7597.73761038663,4864983.49757674
"479","0","1","2",-7677.48589341933,4864957.50344608
"480","1","0","2",-7422.92772377791,4864891.52030447
"481","0","3","2",-7669.90464239629,4864908.33204769
"482","0","1","2",-7664.52164474043,4864928.6220245
"483","0","2","2",-7643.9090609908,4864905.27927118
"484","0","2","2",-7628.4456551875,4864984.85335252
"485","0","2","2",-7595.85061578617,4864984.07383079
"486","1","1","2",-7526.72021755154,4864915.77487628
"487","0","2","2",-7632.2792017897,4864999.28930897
"488","0","1","2",-7630.18913281837,4864999.11733021
"489","0","3","2",-7664.68408474133,4864935.15755145
"490","0","1","2",-7639.85889724646,4864903.54404853
"491","0","2","2",-7629.01196319344,4864960.92636424
"492","0","0","2",-7663.30652460582,4864922.664379
"493","0","2","2",-7596.07603847143,4864989.07839866
"494","0","1","2",-7661.50900787272,4864929.70372438
"495","0","1","2",-7645.32049890275,4864922.31996179
"496","0","3","2",-7603.72778010679,4864960.90158529
"497","0","1","2",-7663.76510545288,4864929.12172184
"498","0","1","2",-7639.16149284286,4864905.50667224
"499","1","3","2",-7502.63071821468,4864889.67801266
"500","0","1","2",-7674.0248283091,4864932.80593511
"501","0","1","2",-7639.06576839238,4864905.15615293
"502","0","1","2",-7642.61677072762,4864914.25372336
"503","0","1","2",-7638.47801028784,4864903.98189996
"504","0","0","2",-7639.89421278681,4865007.20821516
"505","0","3","2",-7594.79095882585,4864985.80599734
"506","0","1","2",-7678.82615643184,4864931.09456577
"507","0","2","2",-7646.28034571903,4864936.35319212
"508","0","1","2",-7640.09782309354,4864903.41930708
"509","0","2","2",-7647.56060162491,4864935.01906396
"510","0","1","2",-7675.6782028889,4864933.23891106
"511","0","0","2",-7643.69343497908,4864917.38615874
"512","0","0","2",-7639.92722595459,4865007.71221539
"513","0","2","2",-7646.10485148491,4864924.09881406
"514","0","1","2",-7679.19912036221,4864931.22930751
"515","1","2","2",-7492.19394939847,4864884.98422625
"516","1","2","2",-7501.49928916185,4864878.57715095
"517","0","2","2",-7646.32703406093,4864912.94030324
"518","0","2","2",-7680.78460345902,4864929.73431693
"519","0","1","2",-7639.26159448529,4864916.06003619
"520","0","1","2",-7683.71292962617,4864929.59834726
"521","0","2","2",-7637.08513681609,4865006.31007986
"522","0","1","2",-7638.97149685428,4864904.1965272
"523","0","1","2",-7680.21363984282,4864944.20775834
"524","0","2","2",-7643.93957560219,4864903.5854326
"525","0","0","2",-7642.72761895084,4864942.13814928
"526","0","3","2",-7604.4118619833,4864984.767582
"527","1","2","2",-7505.62900857974,4864871.41791281
"528","0","1","2",-7678.49065657883,4864930.11732483
"529","1","2","2",-7501.58970476208,4864882.03132239
"530","0","2","2",-7637.24295111088,4865003.31494519
"531","0","0","2",-7637.43152827222,4864996.18822844
"532","0","3","2",-7632.79237200307,4864988.23331413
"533","1","2","2",-7507.95258650713,4864861.81764151
"534","0","1","2",-7641.85603271518,4864903.03983214
"535","0","0","2",-7648.38638044792,4864921.61021217
"536","0","3","2",-7614.89143236917,4864987.90152741
"537","0","0","2",-7656.52357072622,4864928.35352078
"538","0","0","2",-7625.88663013663,4864967.06994914
"539","0","1","2",-7656.20892342528,4864934.37442461
"540","0","1","2",-7642.92655258592,4864906.97533688
"541","1","2","2",-7487.85245103748,4864868.21988164
"542","1","2","2",-7503.79342410765,4864863.27370891
"543","0","1","2",-7641.57096604604,4864908.39699409
"544","1","0","2",-7462.04610501495,4864836.35978141
"545","0","3","2",-7613.71310704767,4864986.92011239
"546","0","2","2",-7633.40897204599,4864997.85712279
"547","0","1","2",-7660.90394961877,4864937.24190317
"548","0","1","2",-7643.9695246395,4864909.9980658
"549","0","1","2",-7650.36773407298,4864943.94534659
"550","1","2","2",-7507.56311931428,4864872.86203175
"551","0","3","2",-7638.17611383281,4864967.06780491
"552","1","1","2",-7471.89479625761,4864846.56719887
"553","0","1","2",-7663.99872308181,4864936.65617645
"554","0","3","2",-7631.79614902305,4864986.46061008
"555","0","3","2",-7621.12946229495,4864984.21828558
"556","0","1","2",-7654.48147261774,4864922.18248857
"557","0","0","2",-7626.05611524638,4864967.0907612
"558","1","3","2",-7513.04338123112,4864860.06632767
"559","0","3","2",-7603.77958282985,4864983.74169544
"560","0","1","2",-7671.4346760796,4864930.35381679
"561","1","1","2",-7468.84908514661,4864829.80860591
"562","0","3","2",-7633.27483604064,4864994.32380914
"563","1","0","2",-7477.11432946927,4864849.91744054
"564","1","1","2",-7492.57033734617,4864855.71714844
"565","0","3","2",-7596.88830338533,4864984.16794381
"566","0","1","2",-7631.22474628799,4864997.90493546
"567","0","1","2",-7665.59111946285,4864932.70827369
"568","1","1","2",-7495.97856135868,4864885.04406342
"569","0","1","2",-7668.86109531622,4864927.20666488
"570","0","3","2",-7596.4535518856,4864984.49755686
"571","1","1","2",-7462.49511308202,4864825.21275675
"572","0","3","2",-7637.47269313742,4865003.57847818
"573","0","2","2",-7662.34996291413,4864933.67717617
"574","0","3","2",-7661.71021322883,4864933.65337392
"575","0","2","2",-7671.59175823945,4864930.63992027
"576","0","3","2",-7639.48232223584,4865000.11027052
"577","1","3","2",-7502.10955326479,4864888.59129641
"578","0","2","2",-7678.02549887923,4864926.72027268
"579","0","1","2",-7681.19352172914,4864930.59237269
"580","0","3","2",-7665.37380470688,4864931.97172381
"581","1","1","2",-7529.12925516796,4864944.21070913
"582","0","2","2",-7673.63392473943,4864941.99308742
"583","0","3","2",-7639.14783227067,4865003.85147535
"584","0","3","2",-7638.16873473281,4864967.06867471
"585","0","1","2",-7671.04499103283,4864926.03131798
"586","0","3","2",-7634.48591344708,4864974.17036021
"587","1","3","2",-7476.01417843274,4864881.29074746
"588","0","1","2",-7617.67293044671,4864983.51929178
"589","1","2","2",-7429.62554925171,4864873.04152957
"590","0","1","2",-7673.14707974264,4864931.16679196
"591","1","1","2",-7528.85749756924,4864943.9315882
"592","0","1","2",-7675.55986013262,4864926.6138235
"593","0","2","2",-7656.6664716029,4864933.7865252
"594","0","1","2",-7607.63932725157,4864982.38548417
"595","0","1","2",-7675.30777215258,4864925.98171729
"596","0","3","2",-7637.46377408957,4865003.15666807
"597","0","3","2",-7635.92265261082,4864975.26958049
"598","0","3","2",-7647.61633684974,4864924.89562042
"599","0","3","2",-7682.3707312561,4864930.18418426
"600","0","3","2",-7611.87304431438,4864981.92368187
"601","1","2","2",-7486.85277727274,4864873.38010806
"602","0","3","2",-7638.7713449681,4865000.92411175
"603","1","0","2",-7453.53929876795,4864849.60398286
"604","0","2","2",-7641.62436684756,4864919.57332761
"605","0","3","2",-7636.77972806026,4864967.63182811
"606","0","3","2",-7624.96482658502,4864987.17575588
"607","0","3","2",-7638.15340801279,4864963.38180938
"608","0","3","2",-7638.1910250882,4865004.67603479
"609","0","3","2",-7618.21423131379,4864981.67053456
"610","1","0","2",-7435.90959924665,4864868.37748086
"611","0","3","2",-7655.64490318175,4864934.45163104
"612","0","3","2",-7638.31343013637,4865005.48967519
"613","0","0","2",-7664.79118738278,4864945.39743324
"614","1","1","2",-7521.6428071422,4864946.10251541
"615","0","3","2",-7632.51457420607,4864965.38073626
"616","0","3","2",-7638.15340801279,4864963.38180938
"617","0","3","2",-7600.90227823672,4864981.69866303
"618","1","0","2",-7435.89702111529,4864866.50492786
"619","0","0","2",-7670.31946408592,4864948.57366509
"620","1","0","2",-7436.78551625457,4864885.70454946
"621","0","1","2",-7657.70679029621,4864929.86334505
"622","0","0","2",-7668.82511268583,4864949.24717493
"623","0","3","2",-7613.63677853353,4864982.09740272
"624","0","3","2",-7634.54938817378,4864996.37815941
"625","1","2","2",-7424.98559018446,4864874.77780058
"626","0","2","2",-7611.36155409148,4864983.00736719
"627","0","3","2",-7599.10445514753,4864984.46656714
"628","0","3","2",-7639.11700627206,4864909.16878599
"629","0","2","2",-7668.83464687591,4864934.99041456
"630","0","1","2",-7661.53822149994,4864953.91199306
"631","0","0","2",-7651.16955785058,4864929.12234017
"632","1","2","2",-7421.31418510965,4864882.72353469
"633","1","0","2",-7420.88422859929,4864895.14602583
"634","0","0","2",-7667.32335339091,4864933.28133808
"635","0","2","2",-7663.71914074622,4864935.1960149
"636","0","2","2",-7601.69023945674,4864980.41435133
"637","0","3","2",-7596.37675271284,4864983.47097948
"638","0","3","2",-7617.45715719126,4864980.9179642
"639","0","1","2",-7644.92056731554,4864907.14301534
"640","1","1","2",-7554.72479410826,4864899.60905257
"641","0","2","2",-7600.57914444333,4864980.20274463
"642","1","0","2",-7446.97147070633,4864879.15596852
"643","0","0","2",-7649.6054546051,4864927.1828211
"644","0","3","2",-7644.1614715248,4864909.1401117
"645","0","2","2",-7603.0643904929,4864986.15859335
"646","0","2","2",-7596.27824929614,4864983.34273695
"647","0","0","2",-7647.44227766772,4864933.57984907
"648","1","1","2",-7558.00962619199,4864889.5308087
"649","0","1","2",-7672.46176305582,4864930.03148686
"650","0","3","2",-7630.23439086538,4864979.51146658
"651","0","3","2",-7667.16827689783,4864928.97429184
"652","0","0","2",-7648.64857396119,4864933.55080514
"653","1","3","2",-7429.54969194673,4864866.55223085
"654","0","2","2",-7633.54690636084,4864963.09421587
"655","1","1","2",-7535.76639111941,4864925.36489091
"656","0","2","2",-7628.51210054305,4864988.35910167
"657","0","3","2",-7667.04429831413,4864931.15697829
"658","0","0","2",-7664.69696301659,4864931.20995996
"659","0","2","2",-7625.28830269364,4864984.1522949
"660","1","0","2",-7462.01665633693,4864835.70986071
"661","0","2","2",-7633.71083041052,4864962.81548366
"662","1","0","2",-7460.439463377,4864842.16309582
"663","0","2","2",-7627.84700194396,4864992.14428057
"664","1","1","2",-7531.57116177092,4864937.12998493
"665","0","0","2",-7649.65266636232,4864927.61557472
"666","0","3","2",-7658.49495864667,4864930.07024825
"667","0","2","2",-7629.06056813402,4864998.08341452
"668","1","1","2",-7539.82249494583,4864920.03582208
"669","0","2","2",-7626.60877443724,4864990.73294409
"670","1","1","2",-7460.77839714986,4864831.47270607
"671","0","2","2",-7634.32467801953,4864930.24661724
"672","1","1","2",-7538.07259389847,4864911.94957922
"673","1","1","2",-7551.35284174199,4864890.57190592
"674","0","2","2",-7626.26214403343,4865000.36110558
"675","0","2","2",-7635.56708506619,4865003.50846723
"676","1","1","2",-7468.54333255391,4864836.81568193
"677","1","0","2",-7453.54042423128,4864865.3052182
"678","0","2","2",-7634.29345339225,4865004.11178648
"679","1","1","2",-7529.96303150333,4864939.11328897
"680","1","0","2",-7463.47996408333,4864841.81332649
"681","1","1","2",-7472.83985393302,4864832.45047008
"682","1","1","2",-7530.38251897103,4864929.38013343
"683","0","3","2",-7674.18700589259,4864928.42745232
"684","1","0","2",-7463.31376007422,4864852.7615948
"685","1","3","2",-7534.94917190757,4864922.97679818
"686","0","2","2",-7619.06536054346,4864947.16999973
"687","1","0","2",-7547.63154411022,4864919.34182433
"688","0","0","2",-7620.28870446657,4864991.81070287
"689","1","2","2",-7520.90604329664,4864862.08202988
"690","0","2","2",-7647.9358364109,4864932.46377265
"691","1","0","2",-7560.34761244866,4864886.55814614
"692","1","2","1",-7515.74628040844,4864862.76357691
"693","1","2","2",-7512.46241170629,4864859.75336065
"694","1","1","2",-7527.72781090565,4864939.24214503
"695","0","2","2",-7645.41506246986,4864919.87791356
"696","1","0","2",-7558.96569448652,4864889.15618244
"697","0","3","2",-7640.57511287196,4864915.06073932
"698","0","3","2",-7640.67842625684,4864910.95981155
"699","1","3","2",-7493.15968254468,4864884.77757242
"700","0","2","2",-7637.37131978367,4864901.81276965
"701","1","0","2",-7459.35584670917,4864842.8280042
"702","1","2","2",-7497.22427027305,4864867.79003467
"703","1","3","2",-7523.05372638386,4864934.87367324
"704","1","2","2",-7498.40805926242,4864867.14346653
"705","1","2","2",-7500.66830205566,4864843.35745311
"706","1","3","2",-7531.33197146295,4864940.72415132
"707","1","2","2",-7505.13806358359,4864863.6621425
"708","1","0","2",-7462.23047578171,4864840.88152502
"709","1","2","2",-7502.51056035177,4864846.3104999
"710","1","2","2",-7505.83643174199,4864864.83892857
"711","1","3","2",-7525.77043742658,4864941.68983413
"712","1","1","2",-7527.03852894057,4864932.54277437
"713","1","0","2",-7435.41837364622,4864866.21223
"714","1","2","2",-7501.94568449042,4864863.53166655
"715","1","0","1",-7560.91450379158,4864891.2215477
"716","1","1","2",-7532.1176532723,4864935.2182099
"717","2","2","2",-7386.45061881396,4864843.95278156
"718","1","1","2",-7530.06139023133,4864940.19673954
"719","1","1","2",-7556.03665753602,4864903.60726287
"720","1","1","2",-7542.79053045336,4864928.14228856
"721","1","1","2",-7531.88548096226,4864941.80744748
"722","1","1","2",-7554.65490123355,4864891.36018795
"723","1","0","2",-7434.29557351299,4864865.82420377
"724","1","1","2",-7564.2029643929,4864869.17037854
"725","1","2","2",-7501.6508979298,4864864.36027816
"726","2","1","2",-7364.31398785361,4864842.8656501
"727","1","2","2",-7505.01042693171,4864838.5533125
"728","1","0","2",-7434.66870641895,4864881.93834271
"729","1","1","2",-7538.7794204125,4864915.92462556
"730","1","2","2",-7503.87445754589,4864844.94647038
"731","1","1","2",-7488.06086608485,4864888.23604975
"732","1","3","2",-7502.93750348398,4864888.68622808
"733","1","1","2",-7548.67320234042,4864905.05139527
"734","1","1","1",-7552.07736890288,4864905.73156095
"735","1","1","2",-7528.41614204599,4864924.80177606
"736","1","2","2",-7437.33830462927,4864865.57232044
"737","1","2","2",-7502.7158907839,4864872.89270768
"738","1","1","2",-7489.03147141848,4864883.98512493
"739","1","1","2",-7547.59288658267,4864905.58828833
"740","1","1","2",-7524.4932804829,4864937.98042953
"741","1","2","2",-7494.52882862775,4864873.17812593
"742","1","3","2",-7437.00538622259,4864864.86493693
"743","1","2","2",-7502.7158907839,4864872.89270768
"744","1","1","2",-7545.60763444444,4864913.31460411
"745","1","2","2",-7494.39358983489,4864887.64082411
"746","1","2","2",-7499.62074308645,4864849.63848266
"747","2","1","2",-7369.66337695952,4864804.157448
"748","1","3","2",-7434.30747957222,4864869.00733636
"749","1","2","2",-7495.72784643827,4864864.12597836
"750","2","1","2",-7376.63479198793,4864820.80885778
"751","2","2","2",-7346.57775825985,4864821.79229196
"752","1","3","2",-7425.1414593793,4864879.39340198
"753","2","1","2",-7339.73378151365,4864797.02097331
"754","1","3","2",-7437.58853973554,4864824.93689562
"755","1","3","2",-7443.85016413463,4864862.78336305
"756","1","3","2",-7499.83079968296,4864889.64555182
"757","1","3","2",-7559.79865164937,4864906.29023719
"758","1","2","2",-7497.56696313884,4864888.97951916
"759","0","2","2",-7604.52018411548,4864986.45941427
"760","1","0","2",-7462.29217552289,4864866.11008705
"761","0","1","2",-7622.23095584224,4864987.79193596
"762","1","1","2",-7465.83866716455,4864820.54305004
"763","1","2","2",-7507.85563325453,4864865.25354562
"764","1","3","2",-7425.75781110252,4864888.39127574
"765","1","2","2",-7468.33559129495,4864816.86555088
"766","1","2","2",-7506.57307114427,4864865.00555402
"767","1","2","2",-7495.81898119403,4864890.82510853
"768","1","2","2",-7504.2874924595,4864864.18920629
"769","1","3","2",-7423.86161355133,4864889.23555561
"770","1","2","2",-7502.00382246523,4864874.53506796
"771","1","2","2",-7475.3982974839,4864815.73924847
"772","1","2","2",-7536.22898917738,4864902.11305583
"773","1","2","2",-7504.19435015296,4864867.77581035
"774","1","2","2",-7516.43360150662,4864862.92466669
"775","2","2","2",-7373.72106350647,4864842.71539466
"776","1","3","2",-7505.73095291604,4864862.21518313
"777","2","1","2",-7361.78492841204,4864773.46443795
"778","1","2","2",-7488.87821195404,4864859.94140571
"779","1","2","2",-7498.69097498215,4864858.96644515
"780","1","2","2",-7500.54001482228,4864854.17232231
"781","1","2","2",-7501.13233839281,4864857.67979487
"782","2","3","2",-7344.77648103,4864807.69660157
"783","2","2","2",-7358.03461924282,4864839.01147075
"784","2","1","2",-7372.7773148829,4864801.4204031
"785","1","3","2",-7498.4734137846,4864882.70098499
"786","1","2","2",-7468.86980505845,4864823.26142528
"787","1","2","2",-7505.68495186044,4864869.26085282
"788","2","2","2",-7345.64034669698,4864834.89690412
"789","1","0","2",-7457.0712717667,4864866.50740364
"790","2","2","2",-7364.37895775547,4864779.33350673
"791","1","2","2",-7499.00335255786,4864884.03931681
"792","1","3","2",-7433.76274320592,4864869.68211078
"793","1","2","2",-7519.72673514608,4864861.3889983
"794","1","2","2",-7491.48217187774,4864888.25976242
"795","1","3","2",-7427.35200347453,4864876.94724853
"796","1","2","2",-7422.90562051334,4864873.00089439
"797","1","2","2",-7506.52637978383,4864871.00732537
"798","1","2","2",-7500.66620474959,4864882.92398458
"799","2","1","2",-7358.24554529547,4864764.763298
"800","1","3","2",-7510.11662256583,4864864.28586363
"801","1","2","2",-7452.57884967637,4864861.99709272
"802","1","2","2",-7424.07434638707,4864874.97110372
"803","1","2","2",-7504.786047211,4864857.56184911
"804","1","2","2",-7497.34051968025,4864865.41206653
"805","1","3","2",-7507.26121418022,4864864.04950809
"806","2","3","2",-7342.39498459763,4864806.6035316
"807","1","2","2",-7432.83398378131,4864873.26480997
"808","1","0","2",-7467.91572592586,4864851.26410958
"809","2","1","2",-7362.31173526825,4864763.95817852
"810","1","2","2",-7432.45600361891,4864867.45592317
"811","1","2","2",-7423.60737966435,4864878.34214953
"812","1","2","2",-7507.29177722174,4864862.0878883
"813","1","2","2",-7482.18049044572,4864854.87763908
"814","2","1","2",-7348.34937805704,4864772.37025606
"815","2","4","2",-7352.48602818447,4864837.56413599
"816","2","1","2",-7337.01856190108,4864762.61599586
"817","1","2","2",-7500.73461063673,4864871.97219058
"818","2","3","2",-7370.95305472504,4864838.55558077
"819","1","2","2",-7500.10424447609,4864885.59718688
"820","1","3","2",-7466.03352485162,4864858.46181872
"821","1","2","2",-7505.48345676675,4864866.00974718
"822","1","2","2",-7508.74990836588,4864860.34267313
"823","1","3","2",-7459.21923561354,4864832.83327522
"824","2","3","2",-7369.54170054751,4864809.79718516
"825","2","1","2",-7380.42600604758,4864845.88541486
"826","2","1","2",-7380.16034559074,4864845.7308071
"827","1","2","2",-7496.9277564416,4864864.42034684
"828","1","2","1",-7462.90358147917,4864843.71032913
"829","2","3","2",-7380.45640884385,4864846.50548873
"830","2","4","2",-7385.7664472097,4864847.51486558
"831","1","2","2",-7452.86294602897,4864835.88260622
"832","1","2","2",-7508.46835408797,4864862.96673071
"833","2","1","2",-7375.82747281563,4864845.09394782
"834","1","3","2",-7474.43245274857,4864818.24994459
"835","2","1","2",-7369.87302171557,4864842.49246862
"836","1","2","2",-7474.72086604807,4864836.67033578
"837","2","1","2",-7370.82958352164,4864845.87658656
"838","2","1","2",-7369.03709745332,4864841.86359853
"839","1","2","2",-7426.21597641082,4864877.51464532
"840","1","2","2",-7502.20010940651,4864865.58372437
"841","2","1","2",-7369.03954724072,4864844.76989535
"842","2","3","2",-7387.66301607219,4864825.17846366
"843","2","0","2",-7368.31442703589,4864805.22155659
"844","2","1","2",-7364.52377059124,4864845.24326665
"845","1","2","2",-7453.82265616695,4864843.70863808
"846","2","1","2",-7352.35068392108,4864841.06806874
"847","2","1","2",-7374.35366510465,4864799.69347423
"848","2","1","2",-7350.6610143576,4864832.61042402
"849","2","3","2",-7369.8102824867,4864784.06343412
"850","1","3","2",-7438.70673093801,4864863.25182978
"851","1","2","2",-7497.93276559912,4864889.71213917
"852","1","2","2",-7424.93975558547,4864881.3228065
"853","2","1","2",-7350.97098443563,4864836.39504686
"854","2","4","2",-7370.58819601032,4864818.74043659
"855","2","3","2",-7368.70145659179,4864787.70646678
"856","1","3","2",-7432.9556713788,4864877.92796163
"857","1","2","2",-7492.11203607305,4864890.54069684
"858","2","3","2",-7367.99163054843,4864796.44051035
"859","2","1","2",-7349.01253076887,4864833.59374012
"860","1","2","2",-7433.5752941955,4864881.05808529
"861","1","3","2",-7440.07209834765,4864863.60496203
"862","1","2","2",-7490.44853037806,4864892.72376775
"863","2","1","2",-7377.93108481225,4864838.76552144
"864","2","1","2",-7348.60929246283,4864832.99618445
"865","2","1","2",-7347.12510291189,4864834.52238086
"866","2","3","2",-7364.41902267275,4864791.42042234
"867","2","4","2",-7368.99448627924,4864814.90129072
"868","1","2","2",-7489.19432856744,4864890.408041
"869","2","1","2",-7331.60158657847,4864828.60174379
"870","2","1","2",-7377.92245465118,4864843.76032485
"871","2","1","2",-7344.85366531566,4864819.77858376
"872","2","1","2",-7339.978786671,4864821.65172309
"873","2","1","2",-7373.59970023959,4864845.843807
"874","2","1","2",-7363.98525926023,4864781.03548373
"875","2","1","2",-7336.00339846328,4864818.97339758
"876","2","1","2",-7325.36843521078,4864821.27409204
"877","1","2","2",-7501.35955122661,4864889.68971275
"878","2","3","2",-7350.31395967302,4864813.25575225
"879","2","1","2",-7374.8508386155,4864846.83036896
"880","1","2","2",-7455.2422979429,4864864.21913055
"881","2","1","2",-7368.80273102,4864844.80247902
"882","2","0","2",-7383.73406803417,4864829.47830867
"883","2","3","2",-7361.95540381698,4864777.73528431
"884","2","1","2",-7374.82919224019,4864850.04184236
"885","2","1","2",-7324.57829169365,4864809.64372924
"886","2","1","2",-7356.54343676017,4864837.23897806
"887","2","4","2",-7372.01763705974,4864833.19266233
"888","2","1","2",-7317.49156090288,4864817.61862181
"889","2","3","2",-7371.30505013998,4864788.83008717
"890","2","1","2",-7326.27897492368,4864800.19872869
"891","2","1","2",-7333.16587255897,4864832.42397742
"892","2","1","2",-7376.40155409439,4864836.32584733
"893","2","4","2",-7371.84735032653,4864833.7575814
"894","2","3","2",-7362.83255179397,4864812.09031991
"895","2","1","2",-7317.51187173221,4864817.24085008
"896","2","1","2",-7321.3915982953,4864815.69191379
"897","2","4","2",-7369.69001438442,4864830.74454008
"898","2","3","2",-7364.88431717456,4864804.75495016
"899","2","1","2",-7318.9760800769,4864820.0368015
"900","2","0","2",-7369.79370074751,4864838.36889863
"901","2","4","2",-7349.14567995019,4864822.61881239
"902","2","1","2",-7329.60565791284,4864814.48047609
"903","2","1","2",-7318.84344444683,4864817.75009914
"904","2","3","2",-7384.90407416519,4864795.8849964
"905","2","1","2",-7320.48081198128,4864827.04798692
"906","2","3","2",-7373.84703250978,4864810.01541823
"907","2","0","2",-7366.85885118062,4864819.43653221
"908","2","4","2",-7349.38431677926,4864814.55679419
"909","2","2","2",-7362.74211912914,4864835.05881241
"910","1","2","2",-7432.09089089255,4864874.34800636
"911","2","1","2",-7317.91771975206,4864811.96996694
"912","2","1","2",-7323.79687187805,4864794.16984971
"913","2","4","2",-7347.90061856809,4864811.54912353
"914","2","1","2",-7376.13391773921,4864793.59292177
"915","2","1","2",-7320.79362167954,4864819.72105416
"916","1","0","2",-7434.03554482447,4864867.43154665
"917","1","2","2",-7424.28774581047,4864879.64391791
"918","2","2","2",-7374.74831458146,4864839.58329332
"919","2","0","2",-7329.86401774965,4864792.68955278
"920","2","1","2",-7372.45036036286,4864790.74803897
"921","2","2","2",-7372.67667907343,4864847.29924504
"922","1","0","2",-7423.92351811361,4864884.67021206
"923","1","2","2",-7423.91846173487,4864880.85214316
"924","2","1","2",-7324.50138272848,4864816.51317271
"925","2","1","2",-7318.21249015277,4864784.07880388
"926","2","1","2",-7373.17022583291,4864805.47870222
"927","1","2","2",-7421.72386207274,4864876.29879552
"928","2","2","2",-7367.49952239904,4864804.12285241
"929","2","1","2",-7320.70463650857,4864793.75347705
"930","2","2","2",-7323.88122778347,4864817.30748732
"931","2","2","2",-7351.62570424354,4864841.31343963
"932","1","0","2",-7426.48602807335,4864862.1391262
"933","1","0","2",-7431.29508963084,4864867.35066651
"934","2","2","2",-7322.25661061962,4864815.50654475
"935","2","2","2",-7347.97048091779,4864841.23103836
"936","2","1","2",-7358.70314916713,4864763.81921629
"937","2","1","2",-7320.67379952694,4864787.70881794
"938","2","1","2",-7323.37240615881,4864783.01070299
"939","2","2","2",-7373.0457540074,4864846.11417665
"940","2","2","2",-7346.29388045526,4864841.05909551
"941","2","3","2",-7374.40729869061,4864809.57414568
"942","2","1","2",-7321.17923477935,4864807.50366341
"943","2","4","2",-7345.72649942033,4864810.64170529
"944","2","1","2",-7322.13323718034,4864807.75638737
"945","2","2","2",-7342.01347351061,4864821.94624568
"946","2","2","2",-7365.12876675664,4864842.56524943
"947","2","2","2",-7361.93470576324,4864841.71180388
"948","1","1","2",-7518.42994237264,4864917.22947711
"949","2","0","2",-7353.14918014316,4864792.42653815
"950","2","3","2",-7335.79143949017,4864827.88574851
"951","2","2","2",-7332.63024209117,4864814.64464123
"952","2","2","2",-7368.22619391011,4864844.64001996
"953","2","2","2",-7331.12289088532,4864805.98238834
"954","2","0","2",-7362.11262558287,4864793.58526113
"955","2","2","2",-7349.18961246092,4864827.13151156
"956","2","2","2",-7372.72942074759,4864845.93929297
"957","2","2","2",-7337.27347539092,4864802.605254
"958","2","4","2",-7354.89539969474,4864835.68645034
"959","2","1","2",-7320.15965939326,4864782.06642441
"960","2","1","2",-7329.77121487678,4864779.15054509
"961","2","3","2",-7369.49303385607,4864837.0270746
"962","2","1","2",-7352.23815855228,4864796.12713446
"963","1","1","2",-7545.57776542312,4864914.56468563
"964","2","2","2",-7352.72338758089,4864800.66659571
"965","2","3","2",-7388.06543089844,4864783.69679644
"966","2","1","2",-7354.61919129467,4864807.97918791
"967","2","2","2",-7360.9816376507,4864796.60584205
"968","1","2","2",-7531.89524772306,4864939.1625928
"969","2","3","2",-7373.35950828158,4864795.84373514
"970","1","2","2",-7529.87885804578,4864939.96090757
"971","2","3","2",-7389.72636523042,4864791.58801815
"972","2","3","2",-7368.72432868124,4864782.69611515
"973","2","2","2",-7366.79823159832,4864805.81871565
"974","2","0","2",-7344.96092708565,4864824.46719846
"975","2","1","2",-7367.93943791101,4864767.98374399
"976","2","3","2",-7369.93224384298,4864842.42442758
"977","2","3","2",-7360.61372367794,4864787.69987507
"978","2","3","2",-7387.17713301622,4864796.47846196
"979","2","2","2",-7331.15422040398,4864814.2356666
"980","2","0","2",-7377.99393984125,4864841.80510048
"981","2","1","2",-7382.34990955714,4864849.14317042
"982","2","3","2",-7360.63974518008,4864797.05408102
"983","1","3","2",-7530.88346429759,4864926.80355566
"984","2","1","2",-7361.22496878393,4864779.2261881
"985","2","3","2",-7372.45667803131,4864785.32794755
"986","2","1","2",-7377.46046643447,4864847.9613353
"987","1","3","2",-7526.47913098214,4864928.86293639
"988","2","1","2",-7377.77501120439,4864845.66105831
"989","2","2","2",-7331.15422040398,4864814.2356666
"990","2","1","2",-7361.85354599915,4864778.04134721
"991","2","3","2",-7371.38937007739,4864777.8378853
"992","2","1","2",-7370.27853498219,4864844.12635498
"993","2","0","2",-7365.62185548766,4864828.31323715
"994","2","3","2",-7330.78431599868,4864800.90067883
"995","2","3","2",-7387.9776046529,4864786.82628638
"996","2","3","2",-7387.33226677673,4864788.81631464
"997","2","1","2",-7347.40588775201,4864778.34768586
"998","2","1","2",-7335.41028930286,4864786.11672236
"999","2","4","2",-7389.50922855382,4864794.16555665
"1000","2","1","2",-7348.04291348523,4864838.09851163
"1001","2","4","2",-7389.63066563755,4864789.75780701
"1002","2","1","2",-7326.51348020366,4864795.31311167
"1003","2","0","2",-7317.87645122561,4864800.44598566
"1004","2","3","2",-7386.54035366703,4864833.51367181
"1005","2","1","2",-7354.18547682924,4864822.61872134
"1006","2","1","2",-7359.5721493453,4864783.79015028
"1007","2","1","2",-7331.81450528234,4864820.68726867
"1008","2","1","2",-7329.13367066696,4864819.28951363
"1009","2","4","2",-7392.53382106972,4864787.33122651
"1010","2","0","2",-7315.65047931217,4864800.76323957
"1011","2","0","2",-7314.9837552712,4864792.34218418
"1012","2","1","2",-7352.44398075594,4864778.64741017
"1013","1","3","2",-7560.75339013257,4864917.28039887
"1014","2","4","2",-7394.50485234807,4864787.86754995
"1015","2","1","2",-7329.43755388803,4864809.8271034
"1016","2","1","2",-7335.10222455939,4864812.56054444
"1017","2","0","2",-7321.61529390218,4864817.48403118
"1018","2","0","2",-7316.23374182892,4864818.65338535
"1019","2","1","2",-7352.70825919891,4864776.65275234
"1020","2","1","2",-7322.9158664315,4864817.64109826
"1021","2","1","2",-7319.93600453245,4864814.26023154
"1022","2","0","2",-7322.20852155326,4864819.4727331
"1023","2","0","2",-7351.70334159657,4864830.5246145
"1024","2","1","2",-7352.30033336464,4864776.45306456
"1025","2","1","2",-7378.6733671795,4864824.35155764
"1026","1","3","2",-7541.01083545578,4864903.28523844
"1027","2","0","2",-7352.24392970558,4864834.43576493
"1028","2","1","2",-7344.4865968102,4864833.0621869
"1029","2","1","2",-7339.24355283131,4864805.91492188
"1030","2","1","2",-7327.51237978791,4864796.92217975
"1031","2","0","2",-7369.21526268761,4864833.51042916
"1032","2","1","2",-7318.68415940244,4864816.70446623
"1033","2","0","2",-7351.99788182002,4864833.09302394
"1034","2","1","2",-7371.9551890995,4864844.90492815
"1035","2","1","2",-7324.12489389346,4864816.13281454
"1036","2","1","2",-7321.79509295128,4864794.82516808
"1037","2","1","2",-7331.11220936316,4864786.37842627
"1038","2","1","2",-7321.0917809014,4864815.50660842
"1039","2","1","2",-7322.99020320717,4864815.32560605
"1040","2","1","2",-7330.05059645965,4864786.13169815
"1041","2","1","2",-7324.22606564423,4864794.93575478
"1042","2","1","2",-7319.20057975279,4864818.21303502
"1043","2","1","2",-7324.18484929538,4864812.24534022
"1044","0","1","2",-7639.87017522936,4865004.00415386
"1045","0","2","2",-7678.5591793596,4864929.5918765
"1046","0","1","2",-7640.14157667514,4865004.19162126
"1047","0","2","2",-7656.14221217964,4864933.49183476
"1048","0","2","2",-7650.77190397047,4864930.47155704
"1049","2","1","2",-7640.76096690909,4864981.65512224
"1050","0","1","2",-7606.38023029767,4864987.1398371
"1051","1","3","2",-7533.90336438063,4864929.89450812
"1052","1","3","2",-7532.02821388282,4864940.39733134
"1053","1","3","2",-7521.96920951586,4864887.3882056
"1054","1","2","2",-7504.10298544206,4864866.01561294
"1055","1","2","2",-7494.11396114263,4864881.2934903
"1056","1","2","2",-7432.3340341432,4864874.01371581
"1057","1","2","2",-7433.6867859608,4864881.61230423
"1058","1","2","2",-7424.3211246108,4864885.48849584
"1059","1","2","2",-7423.96744317347,4864880.43042831
"1060","1","2","2",-7424.11705144547,4864883.18501582
"1061","1","2","2",-7424.64368261376,4864885.13077075
"1062","1","2","2",-7425.23377201932,4864885.45695536
"1063","1","2","2",-7432.79818917901,4864896.31030243
"1064","1","2","2",-7473.38734670371,4864870.69278817
"1065","1","2","2",-7458.4866733869,4864834.20453555
"1066","1","2","2",-7470.70063269506,4864835.15491973
"1067","1","3","2",-7426.63297212878,4864871.16748135
"1068","1","3","2",-7432.81035162727,4864884.34280637
"1069","1","3","2",-7427.02210272904,4864876.37698919
"1070","1","3","2",-7428.3620522521,4864893.61509971
"1071","1","3","2",-7422.49298562136,4864893.1450824
"1072","1","3","2",-7532.25943866823,4864943.26597059
"1073","1","3","2",-7524.42945828377,4864941.18405974
"1074","1","3","2",-7522.47442210304,4864947.84834414
"1075","1","3","2",-7524.75297687827,4864947.66837844
"1076","1","3","2",-7539.29486276979,4864892.81308526
"1077","1","1","2",-7558.66910229138,4864886.47849124
"1078","1","2","2",-7554.04168588077,4864889.19163296
"1079","2","3","2",-7390.54794086752,4864809.37065279
"1080","2","3","2",-7373.29126456774,4864836.80247895
"1081","2","4","2",-7353.72330956936,4864822.27568825
"1082","2","3","2",-7350.8336824153,4864816.30628557
"1083","2","3","2",-7321.12864201814,4864809.08166543
"1084","2","3","2",-7373.67543490723,4864810.43475017
"1085","2","3","2",-7360.18982833497,4864772.14412611
"1086","2","3","2",-7365.80047635002,4864790.541532
"1087","2","3","2",-7362.503568406,4864791.7105441
"1088","2","3","2",-7369.757300906,4864800.10494782
"1089","2","3","2",-7364.414230132,4864789.95421775
"1090","2","3","2",-7366.3494563591,4864788.41242845
"1091","2","3","2",-7366.84606818176,4864771.34634086
"1092","2","3","2",-7374.83347422071,4864802.48662571
"1093","2","3","2",-7370.80825683811,4864796.03338354
"1094","2","3","2",-7362.52749478016,4864805.44282557
"1095","2","3","2",-7379.75317990583,4864801.67335103
"1096","2","3","2",-7389.83266245481,4864794.61154126
"1097","2","3","2",-7390.86855308059,4864795.17752212
"1098","2","3","2",-7391.71407188293,4864797.30769176
"1099","2","3","2",-7384.52340908287,4864800.37990534
"1100","2","3","2",-7379.43453860992,4864834.25405098
"1101","2","3","2",-7379.40421676341,4864850.95875755
"1102","2","3","2",-7375.79532527258,4864853.02338568
"1103","2","3","2",-7357.04908529092,4864847.41431447
"1104","2","3","2",-7341.52555502272,4864839.65733303
"1105","2","3","2",-7365.55187885158,4864828.31555278
"1106","2","3","2",-7319.29770529201,4864815.91461448
"1107","2","3","2",-7350.17552780787,4864810.57274131
"1108","2","3","2",-7350.87250573596,4864804.60066457
"1109","0","0","2",-7641.51667754889,4864972.0937065
"1110","0","0","2",-7642.64172236546,4864914.57996466
"1111","0","0","2",-7643.5419499111,4864919.22651265
